id,status,title,body,start_time,end_time,created_on,updated_on,assigned,owner
98,1,csvdata1,sdgsdfgsdg,2022-06-08 00:00:00.000000 +00:00,2022-06-07 07:17:46.000000 +00:00,2022-06-27 10:17:46.720743 +00:00,2022-06-27 10:17:46.720768 +00:00,arhan@gmail.com,owner@gmail.com
99,1,csvdata2,dfgsd,2022-06-06 07:18:12.000000 +00:00,2022-06-06 06:00:00.000000 +00:00,2022-06-27 10:17:46.721896 +00:00,2022-06-27 10:17:46.721908 +00:00,arhan@gmail.com,owner@gmail.com
101,1,csvdata4,dssdgscxsdfsdfd,2022-06-22 12:53:47.168065 +00:00,2022-06-22 12:53:47.168065 +00:00,2022-06-27 10:17:46.722109 +00:00,2022-06-27 10:17:46.722118 +00:00,arhan@gmail.com,owner@gmail.com
102,1,csvdata5,dssdgscxsdfsdfd,2022-06-22 12:53:47.168065 +00:00,2022-06-22 12:53:47.168065 +00:00,2022-06-27 10:17:46.722209 +00:00,2022-06-27 10:17:46.722218 +00:00,arhan@gmail.com,owner@gmail.com
103,1,csvdata6,dssdgscxsdfsdfd,2022-06-22 12:53:47.168065 +00:00,2022-06-22 12:53:47.168065 +00:00,2022-06-27 10:17:46.722305 +00:00,2022-06-27 10:17:46.722314 +00:00,arhan@gmail.com,owner@gmail.com
104,1,csvdata7,dssdgscxsdfsdfd,2022-06-22 12:53:47.168065 +00:00,2022-06-22 12:53:47.168065 +00:00,2022-06-27 10:17:46.722400 +00:00,2022-06-27 10:17:46.722409 +00:00,arhan@gmail.com,owner@gmail.com
105,1,csvdata8,dssdgscxsdfsdfd,2022-06-22 12:53:47.168065 +00:00,2022-06-22 12:53:47.168065 +00:00,2022-06-27 10:17:46.722496 +00:00,2022-06-27 10:17:46.722505 +00:00,arhan@gmail.com,owner@gmail.com
106,1,csvdata9,dssdgscxsdfsdfd,2022-06-22 12:53:47.168065 +00:00,2022-06-22 12:53:47.168065 +00:00,2022-06-27 10:17:46.722600 +00:00,2022-06-27 10:17:46.722609 +00:00,arhan@gmail.com,owner@gmail.com
107,1,csvdata10,dssdgscxsdfsdfd,2022-06-22 12:53:47.168065 +00:00,2022-06-22 12:53:47.168065 +00:00,2022-06-27 10:17:46.722701 +00:00,2022-06-27 10:17:46.722710 +00:00,arhan@gmail.com,owner@gmail.com
108,1,csvdata11,dssdgscxsdfsdfd,2022-06-22 12:53:47.168065 +00:00,2022-06-22 12:53:47.168065 +00:00,2022-06-27 10:17:46.722801 +00:00,2022-06-27 10:17:46.722810 +00:00,arhan@gmail.com,owner@gmail.com
109,1,csvdata12,dssdgscxsdfsdfd,2022-06-22 12:53:47.168065 +00:00,2022-06-22 12:53:47.168065 +00:00,2022-06-27 10:17:46.722900 +00:00,2022-06-27 10:17:46.722909 +00:00,arhan@gmail.com,owner@gmail.com
110,1,csvdata13,dssdgscxsdfsdfd,2022-06-22 12:53:47.168065 +00:00,2022-06-22 12:53:47.168065 +00:00,2022-06-27 10:17:46.722998 +00:00,2022-06-27 10:17:46.723007 +00:00,arhan@gmail.com,owner@gmail.com
111,1,csvdata14,dssdgscxsdfsdfd,2022-06-22 12:53:47.168065 +00:00,2022-06-22 12:53:47.168065 +00:00,2022-06-27 10:17:46.723097 +00:00,2022-06-27 10:17:46.723106 +00:00,arhan@gmail.com,owner@gmail.com
112,1,csvdata15,dssdgscxsdfsdfd,2022-06-22 12:53:47.168065 +00:00,2022-06-22 12:53:47.168065 +00:00,2022-06-27 10:17:46.723195 +00:00,2022-06-27 10:17:46.723204 +00:00,arhan@gmail.com,owner@gmail.com
113,1,csvdata16,dssdgscxsdfsdfd,2022-06-22 12:53:47.168065 +00:00,2022-06-22 12:53:47.168065 +00:00,2022-06-27 10:17:46.723295 +00:00,2022-06-27 10:17:46.723304 +00:00,arhan@gmail.com,owner@gmail.com
114,1,csvdata17,dssdgscxsdfsdfd,2022-06-22 12:53:47.168065 +00:00,2022-06-22 12:53:47.168065 +00:00,2022-06-27 10:17:46.723393 +00:00,2022-06-27 10:17:46.723402 +00:00,arhan@gmail.com,owner@gmail.com
115,1,csvdata18,dssdgscxsdfsdfd,2022-06-22 12:53:47.168065 +00:00,2022-06-22 12:53:47.168065 +00:00,2022-06-27 10:17:46.723491 +00:00,2022-06-27 10:17:46.723500 +00:00,arhan@gmail.com,owner@gmail.com
116,1,csvdata19,dssdgscxsdfsdfd,2022-06-22 12:53:47.168065 +00:00,2022-06-22 12:53:47.168065 +00:00,2022-06-27 10:17:46.723601 +00:00,2022-06-27 10:17:46.723610 +00:00,arhan@gmail.com,owner@gmail.com
117,1,csvdata20,dssdgscxsdfsdfd,2022-06-22 12:53:47.168065 +00:00,2022-06-22 12:53:47.168065 +00:00,2022-06-27 10:17:46.723699 +00:00,2022-06-27 10:17:46.723708 +00:00,arhan@gmail.com,owner@gmail.com
118,1,csvdata21,dssdgscxsdfsdfd,2022-06-22 12:53:47.168065 +00:00,2022-06-22 12:53:47.168065 +00:00,2022-06-27 10:17:46.723798 +00:00,2022-06-27 10:17:46.723807 +00:00,arhan@gmail.com,owner@gmail.com
119,1,csvdata22,dssdgscxsdfsdfd,2022-06-22 12:53:47.168065 +00:00,2022-06-22 12:53:47.168065 +00:00,2022-06-27 10:17:46.723893 +00:00,2022-06-27 10:17:46.723901 +00:00,arhan@gmail.com,owner@gmail.com
120,1,csvdata23,dssdgscxsdfsdfd,2022-06-22 12:53:47.168065 +00:00,2022-06-22 12:53:47.168065 +00:00,2022-06-27 10:17:46.723984 +00:00,2022-06-27 10:17:46.723992 +00:00,arhan@gmail.com,owner@gmail.com
121,1,csvdata24,dssdgscxsdfsdfd,2022-06-22 12:53:47.168065 +00:00,2022-06-22 12:53:47.168065 +00:00,2022-06-27 10:17:46.724075 +00:00,2022-06-27 10:17:46.724084 +00:00,arhan@gmail.com,owner@gmail.com
100,1,csvdata3,sd,2022-06-06 00:00:00.000000 +00:00,2022-06-06 00:00:00.000000 +00:00,2022-06-27 10:17:46.722009 +00:00,2022-06-27 10:17:46.722019 +00:00,arhan@gmail.com,owner@gmail.com
122,1,final employeee 1231313131,dssdgscxsdfsdfd,2022-06-22 12:53:47.168065 +00:00,2022-06-22 12:53:47.168065 +00:00,2022-06-28 05:58:55.150097 +00:00,2022-06-28 05:58:55.150125 +00:00,arhan@gmail.com,owner@gmail.com
